# Digital Public Goods (DPG) List,,,,,,,,,,,,,,,,,,,,,,,,,,,
"# Public Domain; referring to the DPG Registry API,  https://app.digitalpublicgoods.net/api/v1/dpgs at 2025-02-05T01:14:47Z",,,,,,,,,,,,,,,,,,,,,,,,,,,
#,status,name,category,originCountry,ownerName,openLicense,sourceURL,description,sdgs,1,2,3,4,5,6,7,8,9,10,11,12,13,14,15,16,17,logo
GID0090001,DPG,Aam Digital,Open Software,Germany,Aam Digital GmbH,GPL-3.0,https://github.com/Aam-Digital/ndb-core,Easy-to-use case management software for the social sector that improves the effectiveness and transparency of work with beneficiaries. The offline-first web app is tailored to be used by NGOs anywhere in the world.,"01,03,04,05,08,10,16",X,,X,X,X,,,X,,X,,,,,,X,,https://app.digitalpublicgoods.net/storage/images/aam-digital.png
GID0090002,DPG,Accessible Kazakhstan,Open Software,Kazakhstan,"Public fund ""Tandau Foundation""",Apache-2.0,https://github.com/qlt2020/doskaz,It is a model of an online map with information on accessibility of public facilities that enables people with limited mobility to navigate the public space.,11,,,,,,,,,,,X,,,,,,,https://app.digitalpublicgoods.net/storage/images/accessible-kazakhstan.svg
GID0090003,DPG,AccessMod,Open Software,Switzerland,"University of Geneva, GeoHealth group",LGPL-3.0,https://github.com/unige-geohealth/accessmod,"AccessMod is a free, open-source, standalone software to model physically accessibility to health services, to account for shortage of capacity in these services (human or equipment), to measure referral times and distances between health services, and to increase population coverage through scaling up analyses.",03,,,X,,,,,,,,,,,,,,,https://app.digitalpublicgoods.net/storage/images/accessmod.png
GID0090695,DPG,Advocacy Training for Community Health Workers,Open Content,United States of America,"Community Health Impact Coalition and Digital Medic, an initiative of the Stanford Center for Health Education",CC-BY-NC-SA-4.0,https://show.pics.io/chw-advocacy/search?collectionIds=623b78588e4d9800135c4ca2,A free digital training that equips Community Health Workers (CHWs) with the skills to effectively share their personal stories and promote the health issues most important to their communities.,"03,08",,,X,,,,,X,,,,,,,,,,https://app.digitalpublicgoods.net/storage/images/advocacy-training-for-community-health-workers.jpg
GID0090137,DPG,African Storybook,Open Content,South Africa,Saide,CC-BY-4.0,https://github.com/global-asp/global-asp,"Provides open access to picture storybooks in the languages of Africa for children’s literacy, enjoyment and imagination.",04,,,,X,,,,,,,,,,,,,,https://app.digitalpublicgoods.net/storage/images/african-storybook.png
GID0091566,DPG,AGRIS Open Data Set,Open Data,Italy,Food and Agriculture Organization of the United Nations (FAO),CC-BY-4.0,https://data.apps.fao.org/catalog/dcat/agris,"The AGRIS Open Data Set is the Open Data serialization of a big subset of the AGRIS database, one of the most comprehensive catalogs of food and agricultural scientific literature providing free access to more than 13,000,000 bibliographic records in more than 100 languages.","01,02,12,15",X,X,,,,,,,,,,X,,,X,,,https://app.digitalpublicgoods.net/storage/images/agris-open-data-set.png
GID0090967,DPG,Agrontology,Open Data,Italy,Food and Agriculture Organization of the United Nations (FAO),CC-BY-4.0,http://aims.fao.org/aos/agrontology,Agrontology is a description vocabulary defined in the Web Ontology Language (OWL) providing a set of domain-specific properties for agri-food concepts. It is used for instance in the AGROVOC thesaurus to express domain-specific relations between concepts.,"01,02,05,06,12,14,15",X,X,,,X,X,,,,,,X,,X,X,,,https://app.digitalpublicgoods.net/storage/images/agrontology.png
GID0090939,DPG,AGROVOC Multilingual Thesaurus,Open Data,Italy,Food and Agriculture Organization of the United Nations (FAO),CC-BY-4.0,https://data.apps.fao.org/catalog/organization/agrovoc,"AGROVOC is a thesaurus of 41,000+ agricultural concepts and relationships in up to 42 languages, available for public use to facilitate access and interoperability of data across institutions and languages. It is maintained by several institutions coordinated by FAO.","01,02,05,06,12,14,15,17",X,X,,,X,X,,,,,,X,,X,X,,X,https://app.digitalpublicgoods.net/storage/images/agrovoc-multilingual-thesaurus.png
GID0090346,DPG,Aid Management Platform,Open Software,United States of America,"Development Gateway, Inc",GPL-3.0,https://github.com/devgateway/amp,"AMP helps governments and development partners gather, access, and monitor information on development activities, with the goal of increasing aid effectiveness.",16,,,,,,,,,,,,,,,,X,,https://app.digitalpublicgoods.net/storage/images/aid-management-platform.png
GID0090005,DPG,Altinn,Open Software,Norway,Norwegian Digitalisation Agency,BSD-3-Clause,https://github.com/Altinn/altinn-studio,"Altinn is a platform for digital dialogue between businesses, private individuals and public agencies. Altinn is also a platform that government bodies can use to develop and host digital services.",16,,,,,,,,,,,,,,,,X,,https://app.digitalpublicgoods.net/storage/images/altinn.svg
GID0090186,DPG,Android FHIR SDK,Open Software,United States of America,Google,Apache-2.0,https://github.com/google/android-fhir,"The Android FHIR SDK is a set of Kotlin libraries for building offline-capable, mobile-first healthcare applications using the HL7® FHIR® standard on Android.",03,,,X,,,,,,,,,,,,,,,https://app.digitalpublicgoods.net/storage/images/android-fhir-sdk.png
GID0090006,DPG,Apache Fineract,Open Software,United States of America,Apache Software Foundation,Apache-2.0,https://github.com/apache/fineract,"Fineract provides a reliable, robust, and affordable solution for entrepreneurs, financial institutions, and service providers to offer financial services to the world’s 3 billion underbanked and unbanked.","01,16,17",X,,,,,,,,,,,,,,,X,X,https://app.digitalpublicgoods.net/storage/images/apache-fineract.png
GID0090953,DPG,Avni,Open Software,India,Samanvay Foundation,AGPL-3.0,https://github.com/avniproject/,"Community service and data collection platform on any domain - Health, Education, Sanitation, Water, Waste, Agriculture, Social Security","03,04,06",,,X,X,,X,,,,,,,,,,,,https://app.digitalpublicgoods.net/storage/images/avni.png
GID0090009,DPG,Bahmni,Open Software,India,Bahmni,AGPL-3.0,https://github.com/Bahmni/bahmni-core,"Open Source Comprehensive Electronic Medical Record and Information Management System built on top of OpenMRS, OpenELIS, Dcm4chee and Odoo for clinics and hospitals, designed for low resource environments.","03,10",,,X,,,,,,,X,,,,,,,,https://app.digitalpublicgoods.net/storage/images/bahmni.png
GID0090946,DPG,Bebbo Parenting App,Open Software,Serbia,UNICEF,GPL-3.0,https://github.com/UNICEFECAR/parenting-app-bebbo-mobile/,"Bebbo is an open-source mobile parenting app that empowers parents of 0-6 year-olds with interactive tools to track child development, provides evidence-based insights, stimulating learning activities, and self-care guidance.","02,03,04,05",,X,X,X,X,,,,,,,,,,,,,https://app.digitalpublicgoods.net/storage/images/bebbo-parenting-app.png
GID0090010,DPG,Bisa Health,Open Software,Ghana,Bisa Health,MIT,https://github.com/BisaMhealth/BisaApp,Bisa is a health application that allows the public to receive health information and communicate with doctors.,"03,17",,,X,,,,,,,,,,,,,,X,https://app.digitalpublicgoods.net/storage/images/bisa-health.jpg
GID0090011,DPG,Boxtribute,Open Software,Netherlands,Boxtribute,Apache-2.0,https://github.com/boxwise/boxtribute,"An open-source digital system making it easy to rapidly and collaboratively source, store & distribute humanitarian aid to people in need in a fair and dignified way.","01,12,17",X,,,,,,,,,,,X,,,,,X,https://app.digitalpublicgoods.net/storage/images/boxtribute.png
GID0090019,DPG,Care | Open Healthcare Network,Open Software,India,Open Healthcare Network,MIT,https://github.com/coronasafe/care,"CARE is a transformative healthcare management system, centralizing patient and capacity management across hospitals. Empowering administrators and healthcare professionals with real-time data for better decision-making, CARE is reshaping healthcare delivery.",03,,,X,,,,,,,,,,,,,,,https://app.digitalpublicgoods.net/storage/images/care.png
GID0090012,DPG,Cboard,Open Software,Argentina,ottaa project,GPL-3.0,https://github.com/cboard-org/cboard,"Cboard is an Augmentative and Alternative Communication (AAC) web app for children and adults with speech and language impairments, aiding communication with symbols and text-to-speech.","03,04,10",,,X,X,,,,,,X,,,,,,,,https://app.digitalpublicgoods.net/storage/images/cboard.png
GID0090952,DPG,cfr,Open Software,United Kingdom,Epiverse-TRACE; Pratik Gupte,MIT,https://epiverse-trace.github.io/cfr/,"R package to estimate disease severity and under-reporting in real-time, accounting for reporting delays in epidemic time-series","03,17",,,X,,,,,,,,,,,,,,X,https://app.digitalpublicgoods.net/storage/images/
GID0091140,DPG,Chamilo,Open Software,Belgium,Chamilo Association,GPL-3.0,https://github.com/chamilo/chamilo-lms,"Chamilo is an Open Source Learning Management System that vows to help increase the availability of quality education around the world. Its main focus is to be easy to use, as we believe this solves the most complicated part of providing education through a computers.",04,,,,X,,,,,,,,,,,,,,https://app.digitalpublicgoods.net/storage/images/chamilo.png
GID0090151,DPG,Cider,Open Software,United States of America,Regents of the University of California.,BSD-2-Clause,https://github.com/Global-Policy-Lab/cider,"Cider is a set of software tools for estimating the poverty status of individuals and households using mobile phone data, for use in the targeting and delivery of humanitarian aid.",01,X,,,,,,,,,,,,,,,,,https://app.digitalpublicgoods.net/storage/images/cider.png
GID0090672,DPG,CIEL terminology,Open Content,United States of America,Columbia Department of Biomedical Informatics,CC-BY-4.0,www.CIELterminology.org,"CIEL terminology is an open source clinical interface terminology mapped to multiple standard code systems such as ICD, SNOMED CT, LOINC, RxNORM that ensures health information systems can collect, normalize and analyze/report high quality health information.","03,10",,,X,,,,,,,X,,,,,,,,https://app.digitalpublicgoods.net/storage/images/
GID0090321,DPG,CityLearn,Open AI System,United States of America,"Jose Ramon Vazquez-Canteli, Kingsley Nweye, Zoltan Nagy",MIT,https://github.com/intelligent-environments-lab/CityLearn,"CityLearn is an open source OpenAI Gym environment for the implementation of advanced control systems, e.g., MPC, and Multi-Agent Reinforcement Learning (RL) for building energy coordination and demand response in several buildings. CityLearn allows easy implementation agents in a multi-agent setting to reshape their aggregated curve of electrical demand.","07,11,13",,,,,,,X,,,,X,,X,,,,,https://app.digitalpublicgoods.net/storage/images/citylearn.png
GID0090527,DPG,CKAN,Open Software,United Kingdom,Open Knowledge Foundation,AGPL-3.0,https://github.com/ckan/ckan,"CKAN is an Open Source Data Management System to build Data Portals. Trusted by hundreds of portals across the world and supported by an active community, it focuses on extensibility and integration with other tools.","01,04,07,08,09,10,11,13,16",X,,,X,,,X,X,X,X,X,,X,,,X,,https://app.digitalpublicgoods.net/storage/images/ckan.png
GID0090192,DPG,Code Your Future,Open Content,United Kingdom,Code Your Future,"CC0-1.0,CC-BY-SA-4.0",https://github.com/CodeYourFuture/curriculum,"A free collaboratively developed open source software development programme, with tracks in product, web development, and systems engineering","04,05,08,10",,,,X,X,,,X,,X,,,,,,,,https://app.digitalpublicgoods.net/storage/images/code-your-future.png
GID0091139,DPG,CodiTeach,Open Software,Kazakhstan,CodiPlay founder (Zhanadil Taldybayev),BSD-3-Clause,https://github.com/codiplaykz/coditeach,"CodiTeach is an innovative web platform for teachers that streamlines account management for schools, classes, and students. Platform provides a royalty-free alternative to costly educational platforms for underfunded schools in impoverished developing countries.","04,17",,,,X,,,,,,,,,,,,,X,https://app.digitalpublicgoods.net/storage/images/coditeach.png
GID0090016,DPG,CommCare,Open Software,United States of America,Dimagi,BSD-3-Clause,https://github.com/dimagi/commcare-hq,"CommCare is the digital platform for impactful frontline work everywhere. The most widely-deployed and evidence-based platform for enabling Frontline Workers, CommCare empowers organizations to build their own digital solutions to better deliver services and collect data.","01,02,03,04,10,11",X,X,X,X,,,,,,X,X,,,,,,,https://app.digitalpublicgoods.net/storage/images/commcare.png
GID0090017,DPG,Community Health Toolkit,Open Software,Kenya,"Medic Mobile, Inc.",AGPL-3.0,https://github.com/medic/cht-core,"The CHT is a license-free, open-source digital health platform that includes a collection of software frameworks and applications, open-access resources, and a dynamic community of practice to help partners design, own, and scale electronic community health information systems.","03,05,17",,,X,,X,,,,,,,,,,,,X,https://app.digitalpublicgoods.net/storage/images/community-health-toolkit.png
GID0090367,DPG,Connect For Life,Open Software,Belgium,Janssen Pharmaceutica NV. (A company of Johnson & Johnson),MPL-2.0,https://github.com/johnsonandjohnson/openmrs-distro-cfl,"Connect for Life is a communication platform built on OpenMRS. The platform engages with patients remotely and provides continuity of care with proven implementation feasibility in HIV, TB, and COVID-19 case surveillance and vaccination programs.",03,,,X,,,,,,,,,,,,,,,https://app.digitalpublicgoods.net/storage/images/connect-for-life.jpg
GID0090229,DPG,Consul Democracy,Open Software,Spain,The original author of the software is the Madrid City Council. The Consul Democracy Foundation is the owner and maintainer of the main international GitHub repository used by all cities using the software worldwide.,AGPL-3.0,github.com/consul/consul,"Consul Democracy is a complete citizen participation tool for an open, transparent, and democratic government. This tool is free, secure, open-source, and easy to use, reflecting public values at its core so that all governments can take the first steps toward digital citizen participation.",16,,,,,,,,,,,,,,,,X,,https://app.digitalpublicgoods.net/storage/images/consul-democracy.png
GID0090995,DPG,Convexity Humanitarian Aid Transfer Solution (CHATS),Open Software,Nigeria,Convexity Technologies Limited,AGPL-3.0,https://github.com/ConvexityTeam,CHATS is geared towards aiding the transparent distribution of conditional and unconditional cash voucher assistance to vulnerable beneficiaries. The platform aims to fight against fraudulent practices and give the donors visibility and certainty of funds reaching the desired ta.,"02,03,08",,X,X,,,,,X,,,,,,,,,,https://app.digitalpublicgoods.net/storage/images/convexity-humanitarian-aid-transfer-solution-chats.svg
GID0090020,DPG,cQube,Open Software,India,EkStep Foundation,MIT,https://github.com/Sunbird-cQube/cQube_Base,"cQube is an open-source platform for data-based insights. It allows for aggregated data to be visualized in a simple fashion, leading to insights and action. It provides flexibility and ease of use in creating dashboards, enabling business user to derive insights.",04,,,,X,,,,,,,,,,,,,,https://app.digitalpublicgoods.net/storage/images/cqube.jpg
GID0091413,DPG,Creative Commons Legal Tools,Open Content,United States of America,Creative Commons,"CC-BY-4.0,CC0-1.0,MIT",https://github.com/creativecommons/cc-legal-tools-app/,"CC legal tools enable the sharing and use of DPGs via standard, international open copyright licenses. CC stewards its open licenses and public domain tools to give every person and organization in the world a free, simple way to share their work in the commons.","04,09,10,16,17",,,,X,,,,,X,X,,,,,,X,X,https://app.digitalpublicgoods.net/storage/images/creative-commons-legal-tools.png
GID0090802,DPG,CREDEBL,Open Software,India,Blockster Labs Private Limited,Apache-2.0,https://github.com/credebl,"The CREDEBL platform helps Governments and private entities implement a digital, foundational identity issuance and verification solution in a cost effective way by leveraging W3C Standards.","08,09,10,17",,,,,,,,X,X,X,,,,,,,X,https://app.digitalpublicgoods.net/storage/images/credebl.png
GID0090906,DPG,Crosscut,Open Data,United States of America,Crosscut,CC0-1.0,https://app.crosscut.io/catchment-jobs?demo=true,"The Crosscut App lets users access open data including catchment area maps, microplan tables that estimate population, and supply plan tables that can be used to plan Global Health campaigns.","03,10",,,X,,,,,,,X,,,,,,,,https://app.digitalpublicgoods.net/storage/images/crosscut.svg
GID0090949,DPG,Dalgo,Open Software,India,Project Tech4Dev,AGPL-3.0,https://github.com/DalgoT4D/,Dalgo is an open-source data platform for the social sector which enables organisations to learn from and represent their impact effectively by automating data flow and data management processes.,"03,04,06,08,09",,,X,X,,X,,X,X,,,,,,,,,https://app.digitalpublicgoods.net/storage/images/dalgo.svg
GID0090210,DPG,"Data exchange agreement protocol suit for auditable, privacy-preserving data transactions in dataspaces",Open Software,Sweden,"iGrant.io, Sweden (LCubed AB)",Apache-2.0,https://github.com/decentralised-dataexchange/,"DEXA protocol is key for developing and deploying trustworthy, human-centric decentralised data applications (dApps) across domains using data intermediation services within dataspaces.","09,11",,,,,,,,,X,,X,,,,,,,https://app.digitalpublicgoods.net/storage/images/provenance-services-with-smart-data-agreements-using-data-exchange-protocols.png
GID0090209,DPG,Data Observation Toolkit,Open Software,United States of America,DataKind,MIT,https://github.com/datakind/Data-Observation-Toolkit,"DOT is a toolkit that can be used to monitor data as it's collected and enters a database to flag problems with data integrity, data quality, protocols, outliers and other scenarios that might need attention",03,,,X,,,,,,,,,,,,,,,https://app.digitalpublicgoods.net/storage/images/data-observation-toolkit.png
GID0090904,DPG,Data to Policy Navigator,Open Content,United States of America,United Nations Development Programme,CC-BY-NC-SA-3.0,https://www.datatopolicy.org/,The Data to Policy Navigator is designed to assist government executives and policymakers in grasping the fundamentals of data-driven decision-making. It provides a step-by-step guide and a range of practical examples from across the globe on how to integrate data into policy.,"10,17",,,,,,,,,,X,,,,,,,X,https://app.digitalpublicgoods.net/storage/images/data-to-policy-navigator.png
GID0090293,DPG,Decidim,Open Software,Spain,Decidim Free Software Association,AGPL-3.0,https://github.com/decidim/decidim,Decidim is a digital platform for citizen participation,10,,,,,,,,,,X,,,,,,,,https://app.digitalpublicgoods.net/storage/images/decidim.png
GID0090256,DPG,Deon,Open Software,United States of America,DrivenData,MIT,https://github.com/drivendataorg/deon,"Deon is a command line tool that allows you to easily add an ethics checklist to your data science projects. We support creating a new, standalone checklist file or appending a checklist to an existing analysis in many common formats.",10,,,,,,,,,,X,,,,,,,,https://app.digitalpublicgoods.net/storage/images/deon.png
GID0090129,DPG,DHIS2,Open Software,Norway,"HISP Centre, University of Oslo",BSD-3-Clause,https://github.com/dhis2/dhis2-core,"DHIS2 is a free, open-source, fully customizable platform for collecting, analyzing, visualizing, and sharing aggregate and individual-data for district-level, national, regional, and international system and program management in health, education, and other domains.","03,04,13,17",,,X,X,,,,,,,,,X,,,,X,https://app.digitalpublicgoods.net/storage/images/dhis2.svg
GID0090023,DPG,DiCRA,Open Software,India,United Nations Development Programme,MIT,https://github.com/undpindia/dicra,Data in Climate Resilient Agriculture (DiCRA) is a collaborative geospatial platform which provides open access to key geospatial datasets pertinent to climate resilient agriculture. These datasets are curated and validated through collaborative efforts of a large community of data scientists and citizen scientists across the world. The pattern detection and data insights emerging from DiCRA are aimed towards strengthening evidence-driven policy making for climate resilient food systems.,13,,,,,,,,,,,,,X,,,,,https://app.digitalpublicgoods.net/storage/images/dicra.png
GID0090024,DPG,DIGIT,Open Software,India,eGovernments Foundation,MIT,https://github.com/egovernments/DIGIT-OSS,"DIGIT is an open-source, configurable, extendable, modular, digital infrastructure that enables local governments to deliver municipal services to citizens in an efficient, inclusive, and transparent manner.","09,11,17",,,,,,,,,X,,X,,,,,,X,https://app.digitalpublicgoods.net/storage/images/digit.png
GID0091430,DPG,Digital Impact Exchange,Open Software,United States of America,Digital Impact Alliance,AGPL-3.0,https://gitlab.com/dial/digital-impact-exchange,"This is an interactive, multitenant online platform designed to simplify the discovery and evaluation of digital options. It serves as a comprehensive resource for people working to tracking their digital footprint by providing a catalog, a marketplace, and a resource library.","09,10,17",,,,,,,,,X,X,,,,,,,X,https://app.digitalpublicgoods.net/storage/images/digital-impact-exchange.svg
GID0091578,DPG,DKAN,Open Software,United States of America,CivicActions,GPL-2.0,https://github.com/GetDKAN/dkan,"DKAN is a powerful, community-driven open data platform. As a Drupal module, DKAN leverages Drupal's robust features to create modern, standards-focused, and API-first open data catalogs for a variety of specific use cases.","09,16",,,,,,,,,X,,,,,,,X,,https://app.digitalpublicgoods.net/storage/images/dkan.png
GID0090692,DPG,Doptor Open Data,Open Data,Bangladesh,Aspire to Innovate (a2i) Programme (A Multinational Digital Transformation Catalyst from the Government of Bangladesh),CC-BY-4.0,https://dpgdata.doptor.gov.bd/documentation/v1,Doptor Open Data aims to bring all the eServices owned by the Government of Bangladesh in a single platform. Doptor Open Data works as a middleware to serve all the government officials and offices with authentication and the most secure way. The concept of one id for one government office & official to access all the eService is implemented by Doptor Open Data Platform. This platform has the integration process to share the core data with other eServices.,"16,17",,,,,,,,,,,,,,,,X,X,https://app.digitalpublicgoods.net/storage/images/doptor-open-data.png
GID0090440,DPG,Drupal,Open Software,Belgium,"Drupal Association, 501c3 and Dries Buytaert, Drupal Founder.",GPL-2.0,https://git.drupalcode.org,"Drupal is an open source content management system powering ambitious digital experiences across government, higher-ed, non-profit, and other sectors for more than 20 years.","08,10,17",,,,,,,,X,,X,,,,,,,X,https://app.digitalpublicgoods.net/storage/images/drupal.png
GID0090217,DPG,E-Heza,Open Software,United States of America,TIP Global Health,Apache-2.0,https://github.com/TIP-Global-Health/eheza-app,E-Heza Data Solutions is a digital health platform designed by and for frontline health workers that serves the entire primary care ecosystem of health centers and CHWs in East Africa.,"02,03,05,08",,X,X,,X,,,X,,,,,,,,,,https://app.digitalpublicgoods.net/storage/images/e-heza.png
GID0090027,DPG,Eco-Index Biodiversity Dashboards,Open Software,New Zealand,Eco-Index,GPL-3.0,https://github.com/eco-index/ecoindex-stack,Digital dashboards and related tools help users to monitor and set goals around biodiversity levels.,15,,,,,,,,,,,,,,,X,,,https://app.digitalpublicgoods.net/storage/images/eco-index-biodiversity-dashboards.png
GID0090492,DPG,ekShop Marketplace,Open Software,Bangladesh,Aspire to Innovate (a2i) Programme ( A Multinational Digital Transformation Catalyst from the Government of Bangladesh),Apache-2.0,https://github.com/a2i-dpg/ekShop,"ekShop marketplace is a robust and adaptable eCommerce platform that is free and open-source. It is designed to cater to the needs of any potential entrepreneur who wants to set up an online store quickly and efficiently. With its customizable and configurable features, ekShop can be tailored to suit your specific requirements.","01,08,09,10,12",X,,,,,,,X,X,X,,X,,,,,,https://app.digitalpublicgoods.net/storage/images/ekshop-marketplace.png
GID0090767,DPG,Energy Access Explorer,Open Software,United States of America,World Resources Institute,MIT,https://github.com/energyaccessexplorer,"The first, open-source, online and interactive geospatial platform that enables energy planners, clean energy entrepreneurs, donors, and development institutions to identify high-priority areas for energy access interventions. EAE functions also as a dynamic information system, reducing software engineering and data transaction costs for both data providers and users and facilitating data management and governance.",07,,,,,,,X,,,,,,,,,,,https://app.digitalpublicgoods.net/storage/images/energy-access-explorer.svg
GID0091036,DPG,Ersilia Model Hub,Open Software,United Kingdom,Ersilia Open Source Initiative,GPL-3.0,https://github.com/ersilia-os/ersilia,The Ersilia Model Hub is the only open-source platform serving ready-to-use AI models to accelerate the discovery of new treatments for infectious diseases which affect predominantly the Global South.,"03,04,17",,,X,X,,,,,,,,,,,,,X,https://app.digitalpublicgoods.net/storage/images/ersilia-model-hub.png
GID0090284,DPG,Everwell Hub,Open Software,India,Everwell Health Solutions Pvt. Ltd.,MIT,https://gitlab.com/everwell/hub-foss,"The Everwell Hub is a best in-class patient management platform designed for high-burden public healthcare programs globally.  The Everwell Hub supports the entire digital cascade of care from diagnosis through treatment support and completion, including fully integrated modules for diagnostics (both lab generated results and AI diagnostic solutions), digital adherence technologies, virtual care and patient engagement, and digital payments.",03,,,X,,,,,,,,,,,,,,,https://app.digitalpublicgoods.net/storage/images/everwell-hub.png
GID0091175,DPG,FAO Agricultural Stress Index System,Open Data,Italy,Food and Agriculture Organization of the United Nations,CC-BY-NC-SA-3.0,https://www.fao.org/giews/earthobservation/access.jsp?lang=en,"The Agricultural Stress Index System (ASIS) monitors agricultural areas with a  high likelihood of water stress/drought at global, regional and country level,  using satellite technology.","01,02,13",X,X,,,,,,,,,,,X,,,,,https://app.digitalpublicgoods.net/storage/images/fao-agricultural-stress-index-system.png
GID0090029,DPG,FAO Digital Services Portfolio,Open Content,Italy,FAO,CC-BY-NC-SA-3.0,https://digital.apps.fao.org,"FAO Digital Services Portfolio offers access to useful data,  information, maps, and statistics on food and agriculture to achieve food security.  AgriMarketplace - gives farmers the opportunity to know the approximate prices of each product in the surrounding markets, as well as the routes to reach them. E-Nutrifood - provides users with information on farm production and conservation techniques, as well as on their value and nutritional value. Livestock - provides real-time information on the control of animal diseases and epidemics and gives advice on how to optimize livestock feed. Weather and Crop Calendar - offers reliable weather forecasts, combined with an alert system that allows users to adjust their schedule and production activities based on meteorological data.","01,05,10,17",X,,,,X,,,,,X,,,,,,,X,https://app.digitalpublicgoods.net/storage/images/fao-digital-services-portfolio.png
GID0091388,DPG,FAOLEX,Open Content,Italy,FAO,CC-BY-NC-SA-3.0,https://www.fao.org/faolex/en/,"FAOLEX is a comprehensive and up-to-date legislative and policy database of national and regional laws, regulations and policies on food, agriculture and natural resources management.","05,12,14,15",,,,,X,,,,,,,X,,X,X,,,https://app.digitalpublicgoods.net/storage/images/faolex.png
GID0090033,DPG,farmOS,Open Software,United States of America,farmOS,GPL-2.0,https://github.com/farmOS,"farmOS is a web-based application for farm management, planning, and record keeping.","02,12,13",,X,,,,,,,,,,X,X,,,,,https://app.digitalpublicgoods.net/storage/images/farmos.png
GID0090035,DPG,Fedora Linux,Open Software,United States of America,Fedora Project,0BSD,https://src.fedoraproject.org/,"A complete free and open source operating system for laptops, desktops, servers, devices, clouds, and containers",08,,,,,,,,X,,,,,,,,,,https://app.digitalpublicgoods.net/storage/images/fedora-linux.png
GID0090623,DPG,Feluda,Open Software,India,Tattle Civic Tech,GPL-3.0,https://github.com/tattle-made/feluda,"Feluda is a configurable engine for analysing multi-lingual and multi-modal content. While flexible, it is built it to analyse data collected from social media - images,text and video. It is configurable to allow for different use cases such as finding trends and narratives in social media across languages, and surfacing fact checked content corresponding to image and video.","16,17",,,,,,,,,,,,,,,,X,X,https://app.digitalpublicgoods.net/storage/images/feluda.svg
GID0090494,DPG,finalsize,Open Software,,Epiverse-TRACE,MIT,https://github.com/epiverse-trace/finalsize,"finalsize is an R package that provides estimates for the total proportion of a population infected over the course of an epidemic, and can account for a demographic distribution, demography-specific contact patterns,and heterogeneous susceptibility to infection between groups.","03,17",,,X,,,,,,,,,,,,,,X,https://app.digitalpublicgoods.net/storage/images/finalsize.svg
GID0090552,DPG,FormSG,Open Software,Singapore,"Open Government Products, Government Technology Agency of Singapore",MIT,https://github.com/opengovsg/FormSG,"FormSG is a form builder tool that enables public officers to instantly create customisable forms with zero code or cost, to safely collect classified and sensitive data.",16,,,,,,,,,,,,,,,,X,,https://app.digitalpublicgoods.net/storage/images/formsg.svg
GID0090514,DPG,FUSS - Free Upgrade for a digitally Sustainable School,Open Software,Italy,Provincia Autonoma di Bolzano (public administration),AGPL-3.0,https://gitlab.fuss.bz.it/fuss,"FUSS is a complete GNU/Linux solution based on Debian and around 200 educational software packages for schools. It is a project that allows students and teachers to use at home the same tools installed at school, freely and without any cost to families.","04,09",,,,X,,,,,X,,,,,,,,,https://app.digitalpublicgoods.net/storage/images/fuss-free-upgrade-for-a-digitally-sustainable-school.png
GID0090228,DPG,GeoPrism Registry,Open Software,United States of America,"TerraFrame, Inc.",LGPL-3.0,https://github.com/terraframe/geoprism-registry,"GeoPrism Registry allows for the simultaneous hosting, management, regular update, and sharing of master lists, associated hierarchies, and geospatial data for the geographic objects core to sustainable development including public health, education, agriculture, infrastructure, and other public and private services.","03,13,16",,,X,,,,,,,,,,X,,,X,,https://app.digitalpublicgoods.net/storage/images/geoprism-registry.svg
GID0090038,DPG,Glific,Open Software,India,Project Tech4Dev,AGPL-3.0,https://github.com/glific/,ENABLING IMPACT AT SCALE - Our WhatsApp chatbot enables you to reach the right person at the right time with the right information.,"03,04,11,17",,,X,X,,,,,,,X,,,,,,X,https://app.digitalpublicgoods.net/storage/images/glific.svg
GID0090039,DPG,Global Healthsites Mapping Project,Open Data,United Kingdom,Open Healthsite Consulting,"BSD-3-Clause,ODbL-1.0",https://healthsites.io/map,healthsites.io is building a baseline of health facility data by making OpenStreetMap useful to the medical community and humanitarian sector.,03,,,X,,,,,,,,,,,,,,,https://app.digitalpublicgoods.net/storage/images/global-healthsites-mapping-project.png
GID0090145,DPG,Global Human Settlement Layer,Open Data,Italy,European Commission,CC-BY-4.0,https://ghsl.jrc.ec.europa.eu/download.php,"GHSL provides analysis ready, global, geospatial data reporting about the presence of population and human settlements.","01,02,03,04,11,15",X,X,X,X,,,,,,,X,,,,X,,,https://app.digitalpublicgoods.net/storage/images/global-human-settlement-layer.png
GID0090040,DPG,Global Open Facility Registry,Open Software,United States of America,IntraHealth International,Apache-2.0,https://github.com/intrahealth/gofr,GOFR is an open source federated facility registry platform for reconciling multiple facility lists and managing a primary list,03,,,X,,,,,,,,,,,,,,,https://app.digitalpublicgoods.net/storage/images/global-open-facility-registry.png
GID0090041,DPG,GlobaLeaks,Open Software,Italy,GlobaLeaks,AGPL-3.0,https://github.com/globaleaks/GlobaLeaks,"GlobaLeaks is free, open source software enabling anyone to easily set up and maintain a secure whistleblowing platform",10,,,,,,,,,,X,,,,,,,,https://app.digitalpublicgoods.net/storage/images/globaleaks.png
GID0090042,DPG,GNU Health,Open Software,Spain,GNU Solidario,GPL-3.0,https://hg.savannah.gnu.org/hgweb/health/,"GNU Health is a free/libre ecosystem for Health practitioners, Hospitals and nationwide Health systems. The GNU Health project provides the tools for individuals, health professionals, institutions and governments to proactively assess and improve the underlying determinants of health, from the socioeconomic agents to the molecular basis of disease. From primary health care to precision medicine.","03,11",,,X,,,,,,,,X,,,,,,,https://app.digitalpublicgoods.net/storage/images/gnu-health.png
GID0091359,DPG,Go.Data,Open Software,Switzerland,World Health Organization (WHO),GPL-3.0,https://github.com/WorldHealthOrganization/godata,Go.Data is an open-source platform for outbreak response and contact tracing developed by WHO in collaboration with GOARN partners. It streamlines all aspects of outbreak response and is highly versatile with customizable configurations for different scenarios.,"03,06,08,11",,,X,,,X,,X,,,X,,,,,,,https://app.digitalpublicgoods.net/storage/images/godata.png
GID0090043,DPG,Govdirectory,Open Data,,Govdirectory,CC0-1.0,https://github.com/govdirectory/website,A crowdsourced and fact-checked directory of official governmental online accounts and services. The easiest way to contact your government.,16,,,,,,,,,,,,,,,,X,,https://app.digitalpublicgoods.net/storage/images/govdirectory.png
GID0090502,DPG,Grievance Redress  System (GRS),Open Software,Bangladesh,Aspire to Innovate (a2i) Programme (A Multinational Digital Transformation Catalyst from the Government of Bangladesh),Apache-2.0,https://github.com/GRS-DPG,"Grievance Redress System (GRS) is recognized worldwide as one of the enabling factors for organizations to be efficient, effective, and people-oriented. A functional platform for receiving people’s complaints or grievances facilitates administrators to improve their service delivery systems, thereby improving governance in general.","05,10,16",,,,,X,,,,,X,,,,,,X,,https://app.digitalpublicgoods.net/storage/images/grievance-redress-system-grs.png
GID0090044,DPG,Hand-in-Hand Geospatial Platform,Open Data,Italy,FAO,CC-BY-NC-SA-3.0,https://data.apps.fao.org,"The Platform is a supporting tool for the Hand-in-Hand (HiH) Initiative to accelerate the SDGs, using advanced geo-spatial modeling and analytics to identify the biggest opportunities to raise the incomes and reduce the inequities and vulnerabilities of rural populations.","01,02,05,09,17",X,X,,,X,,,,X,,,,,,,,X,https://app.digitalpublicgoods.net/storage/images/hand-in-hand-geospatial-platform.png
GID0090045,DPG,Harmony,Open Software,United States of America,Zenysis Technologies Inc.,AGPL-3.0,https://github.com/Zenysis/Harmony,"Harmony is an open-source, end-to end data integration and advanced analytics platform for integrating, harmonizing, analyzing, and visualizing any number of structured data sources from different sectors (e.g. health, education, agriculture, sustainable development, climate change adaptation), ranging from routinely collected individual level data to operational research and survey data.","01,03,05,06,08,17",X,,X,,X,X,,X,,,,,,,,,X,https://app.digitalpublicgoods.net/storage/images/harmony.png
GID0090979,DPG,HCW@Home,Open Software,Switzerland,Iabsis SARL,GPL-3.0,https://github.com/hcw-home/,"HCW@Home is a scalable, institution-level secure teleconsultation system for typical telemedicine scenarios, achieved through close collaboration with healthcare professionals. It is fully open-source and offers integrated features for chat, audio, and video calls using WebRTC.",03,,,X,,,,,,,,,,,,,,,https://app.digitalpublicgoods.net/storage/images/hcw-at-home.svg
GID0090161,DPG,HIV Support web application,Open Software,Romania,Commit Global,MPL-2.0,https://github.com/commitglobal/hiv-support,HIV Support is a case manager dedicated to support CSOs who receive help requests from refugees with HIV who seek help to continue treatment and to access other services relevant for their condition.,03,,,X,,,,,,,,,,,,,,,https://app.digitalpublicgoods.net/storage/images/hiv-support-web-application.png
GID0090230,DPG,IASO,Open Software,Belgium,Bluesquare,MIT,https://github.com/BLSQ/iaso,"IASO is an innovative, open-source, bilingual (EN/FR) data collection platform with advanced geospatial features to plan, monitor and evaluate health, environmental or social programmes. Main features: geo-enabled data collection, georegistry, microplanning, entities & workflows.","02,03,04",,X,X,X,,,,,,,,,,,,,,https://app.digitalpublicgoods.net/storage/images/iaso.svg
GID0090047,DPG,if me,Open Software,United States of America,if-me.org,AGPL-3.0,https://github.com/ifmeorg/ifme,"Free, open source mental health communication web app to share experiences with loved ones",03,,,X,,,,,,,,,,,,,,,https://app.digitalpublicgoods.net/storage/images/if-me.png
GID0090285,DPG,iHRIS,Open Software,United States of America,IntraHealth,LGPL-3.0,https://github.com/iHRIS/iHRIS,"iHRIS is a free and open-source software solution that has been used in over 30 countries to more easily collect, maintain, and analyze health workforce data and manage health workforce resources at a ministry of health (MOH), district health offices, and health care facilities. iHRIS helps countries around the world track and manage their health workforce data to improve access to services.",03,,,X,,,,,,,,,,,,,,,https://app.digitalpublicgoods.net/storage/images/ihris.png
GID0090048,DPG,Immunization Calculation Engine,Open Software,United States of America,"HLN Consulting, LLC",LGPL-3.0,https://github.com/cdsframework/ice,ICE is an open source immunization evaluation and forecasting clinical decision support system,03,,,X,,,,,,,,,,,,,,,https://app.digitalpublicgoods.net/storage/images/immunization-calculation-engine.png
GID0090764,DPG,Indonesian Phoneme Recognizer,Open AI System,Indonesia,PT Bookbot Indonesia,Apache-2.0,https://github.com/bookbot-hive/k2-indonesian-asr,"Indonesian speech/phoneme recognizer powered by Kaldi 2.0 (lhotse, icefall, sherpa).",04,,,,X,,,,,,,,,,,,,,https://app.digitalpublicgoods.net/storage/images/
GID0090794,DPG,Interfacer,Open Software,Netherlands,Dyne.org Foundation,AGPL-3.0,https://github.com/interfacerproject/interfacer-gui/tree/main,"Innovative federated open source platform that provides a digital product passport. With a focus to find and share open source hardware projects, collaborate with others, and discover new products and services. Import your projects to allow access to the community and grow your reputation.","09,11,12,13,17",,,,,,,,,X,,X,X,X,,,,X,https://app.digitalpublicgoods.net/storage/images/interfacer.png
GID0091629,DPG,Isomer,Open Software,Singapore,Government Technology Agency of Singapore,MIT,https://github.com/opengovsg/isomer,Isomer is a website builder that allows government agencies to launch static websites easily and for free. It aims to empower the government to easily and effectively communicate with citizens while enabling citizens to easily find the information they are looking for.,16,,,,,,,,,,,,,,,,X,,https://app.digitalpublicgoods.net/storage/images/isomer.svg
GID0090051,DPG,iVerify,Open Software,,United Nations Development Programme,AGPL-3.0,https://github.com/undp/iVerify-Apps,AI-powered information platform to combat misinformation and hate speech.,16,,,,,,,,,,,,,,,,X,,https://app.digitalpublicgoods.net/storage/images/iverify.jpg
GID0090990,DPG,IVTToken,Open Software,Brazil,Investtools,AGPL-3.0,https://github.com/investtools/ivttoken,"This initiative connects under connected schools to the internet through a blockchain model, rewarding ISPs and sponsors with connectivity tokens. Supported by UNICEF, it focuses on usability and scalability to enhance global educational access.","04,09,17",,,,X,,,,,X,,,,,,,,X,https://app.digitalpublicgoods.net/storage/images/ivttoken.png
GID0090413,DPG,Janssen Project,Open Software,United States of America,Linux Foundation,Apache-2.0,https://github.com/JanssenProject/jans,"A low-code digital identity platform for workforce, consumer and citizen identity based on open standards like OAuth, OpenID, FIDO and SCIM.",09,,,,,,,,,X,,,,,,,,,https://app.digitalpublicgoods.net/storage/images/janssen-project.jpg
GID0090708,DPG,Jellow AAC Communicator,Open Software,India,NINAAD Digital Technology Private Limited,BSD-3-Clause,https://github.com/jellow-aac/jellow-communicator-android,Jellow Basic Communicator is a freely downloadable friendly Augmentative and Alternative Communication (AAC) system that uses icons/images to enable aid communication in people learning to speak or with difficulty with speech and language.,04,,,,X,,,,,,,,,,,,,,https://app.digitalpublicgoods.net/storage/images/jellow-aac-communicator.png
GID0090053,DPG,Kindly,Open Software,United States of America,UNICEF,AGPL-3.0,https://github.com/unicef/kindly,Kindly is  Ean open-source API that detects abusive and cyberbullying intent in messages and provides instant feedback for users to reconsider their message.,"03,04,16",,,X,X,,,,,,,,,,,,X,,https://app.digitalpublicgoods.net/storage/images/kindly.png
GID0090130,DPG,KoboToolbox,Open Software,Canada,"Kobo, Inc","BSD-2-Clause,AGPL-3.0",https://github.com/kobotoolbox/,"KoboToolbox is an open source platform for the collection, management, and visualization of data. As the most widely used primary data collection tool in the nonprofit sector, it is the tool of choice for over 16,000 social impact organizations worldwide.","03,04,05,10,11,13",,,X,X,X,,,,,X,X,,X,,,,,https://app.digitalpublicgoods.net/storage/images/kobotoolbox.svg
GID0090054,DPG,Kolibri,Open Software,United States of America,Learning Equality,MIT,https://github.com/learningequality/kolibri,The offline-first platform for teaching and learning with technology without requiring the Internet.,04,,,,X,,,,,,,,,,,,,,https://app.digitalpublicgoods.net/storage/images/kolibri.svg
GID0090056,DPG,Lexsitus,Open Content,Belgium,Centre for International Law Research and Policy (CILRAP),CC-BY-NC-SA-4.0,https://cilrap-lexsitus.org/,"Lexsitus is the most comprehensive online legal-information platform for international criminal law, supporting retrieval, analysis and learning work-processes.",16,,,,,,,,,,,,,,,,X,,https://app.digitalpublicgoods.net/storage/images/lexsitus.jpg
GID0090385,DPG,LibreOffice,Open Software,Germany,The Document Foundation,MPL-2.0,https://git.libreoffice.org/core,"LibreOffice is a free open source office suite available in 120 language versions, which can be used by billions of people using their native language (instead of learning a foreign language to access the user interface)","04,10",,,,X,,,,,,X,,,,,,,,https://app.digitalpublicgoods.net/storage/images/libreoffice.png
GID0090058,DPG,linelist,Open Software,United States of America,data.org,MIT,https://github.com/epiverse-trace/linelist,An R package for handling case line list data,03,,,X,,,,,,,,,,,,,,,https://app.digitalpublicgoods.net/storage/images/linelist.png
GID0091020,DPG,magasin,Open Software,Kenya,UNICEF (United Nations Children's Fund),Apache-2.0,https://github.com/unicef/magasin,"Magasin is a cloud native open-source end-to-end data platform. Magasin enables organizations to perform automatic data ingestion, storage, analysis, ML/AI compute and visualization at scale.","09,17",,,,,,,,,X,,,,,,,,X,https://app.digitalpublicgoods.net/storage/images/magasin.svg
GID0091039,DPG,Mautic,Open Software,United States of America,"Mautic is fiscally hosted by Open Source Collective, who hold the trademarks and brand on behalf of the project.",GPL-3.0,https://github.com/mautic/mautic,Mautic is the world's first open source marketing automation platform.,"08,10",,,,,,,,X,,X,,,,,,,,https://app.digitalpublicgoods.net/storage/images/mautic.png
GID0091385,DPG,Measuring Real Power Usage of Software Applications,Open Software,United Kingdom,HSBC GLOBAL SERVICES (UK) LIMITED,Apache-2.0,https://github.com/hsbc/mrpusa,"This initiative, a system and method for measuring the real power draw and carbon emissions of software applications, allows businesses and consumers to accurately assess emissions at an individual software level providing a greater level of granularity in reporting.",09,,,,,,,,,X,,,,,,,,,https://app.digitalpublicgoods.net/storage/images/measuring-real-power-usage-of-software-applications.png
GID0090743,DPG,MEDPlat,Open Software,India,Argu Soft India Limited,ECL-2.0,https://github.com/ArgusoftOpen/medplat,"MEDPlat is an mobile first, offline enabled, scalable, low-code CPHC platform for public healthcare. It is extensible & customizable and has tools to supports the monitoring and improvement of SDG3 goals though interfaces right for the community health workers onwards to the policy makers. It Includes preconfigured workflows that can be further customized for Reproductive, Maternal, Child health, Adolescent, Nutrition and many more health verticals.",03,,,X,,,,,,,,,,,,,,,https://app.digitalpublicgoods.net/storage/images/medplat.png
GID0090060,DPG,MET Norway Weather API,Open Data,Norway,Norwegian Meteorological Institute,CC-BY-4.0,https://developer.yr.no/doc/GettingStarted/,"Free digital access to high-quality, reliable and user-friendly 10-day weather forecast data for any geolocation in the world. Provides an open interface to a world weather data produced by MET Norway.",13,,,,,,,,,,,,,X,,,,,https://app.digitalpublicgoods.net/storage/images/met-norway-weather-api.svg
GID0091156,DPG,Mifos Payment Hub-EE (PH-EE),Open Software,United States of America,The Mifos Initiative,MPL-2.0,https://bit.ly/ph-ee,Modern orchestation engine for digital & real-time Payments enabling DFSPs to connect to and participate in instant inclusive payment systems and for governments to disburse payments in bulk to functional wallet accounts.,"01,08,10,16",X,,,,,,,X,,X,,,,,,X,,https://app.digitalpublicgoods.net/storage/images/mifos-payment-hub-ee-ph-ee.png
GID0090061,DPG,Mifos X,Open Software,United States of America,The Mifos Initiative,MPL-2.0,https://github.com/openMF/android-client,"The Mifos X DPG suite includes a core banking platform, payment orchestration engine, and mobile banking interfaces to enable the effective delivery of digital financial services such as savings and credit-led financial inclusion, G2P payments, integration into IIPS and more.","01,08",X,,,,,,,X,,,,,,,,,,https://app.digitalpublicgoods.net/storage/images/mifos-x.png
GID0090282,DPG,MOCHCare,Open Software,Ghana,MOCHCare Limited Company,GPL-3.0,https://github.com/MochCare-Gh/service-provider-portal,Digitized Maternal and Child Health Record platform where Doctors record post-natal and ante-natal information of Pregnant women and children under 5years digitally to help mitigate the effects of maternal books shortage.,03,,,X,,,,,,,,,,,,,,,https://app.digitalpublicgoods.net/storage/images/mochcare.png
GID0090065,DPG,Modular Open Source Identity Platform,Open Software,India,International Institute of Information Technology Bangalore,MPL-2.0,https://github.com/mosip/,"The Modular Open Source Identity Platform (MOSIP) helps Governments and other user organizations implement a digital, foundational identity system in a cost effective way.","01,02,03,04,05,08,09,10,16,17",X,X,X,X,X,,,X,X,X,,,,,,X,X,https://app.digitalpublicgoods.net/storage/images/modular-open-source-identity-platform.png
GID0090066,DPG,Mojaloop,Open Software,United States of America,Mojaloop Foundation,Apache-2.0,https://github.com/mojaloop/central-ledger,Open source software for creating payment platforms that will help unbanked people access digital financial services.,"01,09,10,16,17",X,,,,,,,,X,X,,,,,,X,X,https://app.digitalpublicgoods.net/storage/images/mojaloop.png
GID0090068,DPG,Mozilla Common Voice dataset,Open Data,United States of America,Mozilla Foundation,CC0-1.0,https://commonvoice.mozilla.org/en/datasets,"A multilingual open voice dataset created by Mozilla Common Voice, an initiative to help teach machines how real people speak","05,10,17",,,,,X,,,,,X,,,,,,,X,https://app.digitalpublicgoods.net/storage/images/mozilla-common-voice-dataset.svg
GID0090741,DPG,NiSE3 Skills and Certification,Open Software,Bangladesh,Aspire to Innovate (a2i) Programme (A Multinational Digital Transformation Catalyst from the Government of Bangladesh),Apache-2.0,https://github.com/a2i-dpg/skills-and-certification,"The Skills And Certification platform is a virtual management environment designed to cater to the needs of both students and trainers. It seamlessly complements interactive physical learning at educational institutions, enhancing the overall learning experience. This comprehensive solution offers a wide range of services, including the creation and management of institutions, & certification, and detailed course offerings. By leveraging advanced technology, the platform aims to streamline the learning process and empower both learners and educators in their pursuit of knowledge and skill development","04,08",,,,X,,,,X,,,,,,,,,,https://app.digitalpublicgoods.net/storage/images/nise3-skills-and-certification.png
GID0090070,DPG,NotesMaster,Open Content,United Kingdom,Notesmaster Caribbean,CC-BY-SA-4.0,https://notesmaster.com/library/guest,"NoteMaster provides training and support to use the NotesMaster elearning platform, which is preconfigured with local curricula, so the trained teachers can create digital lessons online in Notesmaster, for students to then access. The lessons can be accessed and remixed by teachers from any other country to suit their local curricula. These lessons are then submitted to a peer review system which leads to a sustainable multiplier effect in the development of new digital lessons.","04,05,10,11,17",,,,X,X,,,,,X,X,,,,,,X,https://app.digitalpublicgoods.net/storage/images/notesmaster.svg
GID0090071,DPG,ODK,Open Software,United States of America,Get ODK Inc,Apache-2.0,https://github.com/getodk,"ODK lets you build powerful forms to collect the data you need wherever it is. Join the leading researchers, field teams, and other professionals using ODK to collect data that matters.","01,02,03,04,06,07,08,13,14,15,16",X,X,X,X,,X,X,X,,,,,X,X,X,X,,https://app.digitalpublicgoods.net/storage/images/odk.svg
GID0090072,DPG,Oky,Open Software,United States of America,UNICEF,AGPL-3.0,https://github.com/Oky-period-tracker/periodtracker,Oky is the world's first mobile phone period tracker app designed for and with adolescent girls.,"03,05,06",,,X,,X,X,,,,,,,,,,,,https://app.digitalpublicgoods.net/storage/images/oky.png
GID0090158,DPG,One Roof,Open Software,Romania,Commit Global,MPL-2.0,https://github.com/commitglobal/housing-platform,"One roof is a housing application that can be used to support refugees or displaced populations in case of an emergency situation such as earthquakes or other natural disasters. The platform allows for host registration, host validation, request intake, housing allocation and management of availability of spaces dedicated to accommodate people according to specific criteria such as space accesibility for disabled people, allowance of pets and much more.","03,10,17",,,X,,,,,,,X,,,,,,,X,https://app.digitalpublicgoods.net/storage/images/one-roof.png
GID0090144,DPG,Oobee,Open Software,Singapore,"Government Technology Agency, Singapore",MIT,https://github.com/GovTechSG/oobee-desktop,"Oobee (formerly known as Purple A11y) is a customisable, automated accessibility testing tool that allows software development teams to find and fix accessibility problems, to improve access to digital services for the elderly and Persons with Disabilities (PWDs).",10,,,,,,,,,,X,,,,,,,,https://app.digitalpublicgoods.net/storage/images/oobee.svg
GID0090073,DPG,Open Contracting Portal,Open Software,United States of America,"Development Gateway, Inc",MIT,https://github.com/devgateway/ocportal,"The Open Contracting Portal (OC Portal) is an open-source platform built to organize and archive procurement documents, improve data transparency and feedback by the public, and help publish procurement information in the Open Contracting Data Standard (OCDS)",16,,,,,,,,,,,,,,,,X,,https://app.digitalpublicgoods.net/storage/images/open-contracting-portal-1.png
GID0091516,DPG,Open Food Facts,Open Data,France,Open Food Facts,"ODbL-1.0,CC-BY-SA-3.0",https://github.com/openfoodfacts/,"Open Food Facts is a collaborative, open database of 3M food products from 180 countries. It provides data on ingredients, nutrition, and environmental impact, empowering consumers, producers, researchers, and governments to make informed decisions for healthier and sustainable food.","03,13",,,X,,,,,,,,,,X,,,,,https://app.digitalpublicgoods.net/storage/images/open-food-facts.svg
GID0090320,DPG,Open Health Stack,Open Software,United States of America,Google Health,Apache-2.0,https://github.com/google/android-fhir,"Open Health Stack provides building blocks for creating next-gen digital health apps. These open source components save time and make it easier to adopt modern healthcare standards, leading to secure, offline-capable, data-driven solutions for healthcare workers in low-resource settings.",03,,,X,,,,,,,,,,,,,,,https://app.digitalpublicgoods.net/storage/images/open-health-stack.png
GID0091624,DPG,Open Supply Hub,Open Data,United States of America,"Open Supply Hub, Inc.",CC-BY-SA-4.0,https://github.com/opensupplyhub/open-supply-hub,"Open Supply Hub is a non-profit powering the transition to safe and sustainable production with the world’s most complete, open and accessible global supply chain map.",08,,,,,,,,X,,,,,,,,,,https://app.digitalpublicgoods.net/storage/images/open-supply-hub.png
GID0091186,DPG,Open-Pryv.io,Open Software,Switzerland,Pryv SA,BSD-3-Clause,https://github.com/pryv/open-pryv.io,"Personal Data & Privacy Management Software A ready-to-use solution for personal data and consent management. Pryv.io is a solid foundation on which you build your own digital health solution, so you can collect, store, share and rightfully use personal data.","09,16",,,,,,,,,X,,,,,,,X,,https://app.digitalpublicgoods.net/storage/images/open-pryvio.svg
GID0090369,DPG,OpenClinic GA,Open Software,Belgium,Frank Verbeke and Commercial Edition by Post-Factum BV,GPL-2.0,https://sourceforge.net/p/open-clinic/code/ci/master/tree/,"OpenClinic GA is an open source integrated hospital information management system covering management of administrative, financial, clinical, lab, x-ray, pharmacy, meals distribution and other data. Extensive statistical and reporting capabilities.",03,,,X,,,,,,,,,,,,,,,https://app.digitalpublicgoods.net/storage/images/openclinic-ga.png
GID0090077,DPG,OpenCRVS,Open Software,United Kingdom,opencrvs.org,MPL-2.0,https://github.com/opencrvs/opencrvs-core,"OpenCRVS is a user-friendly, open-source platform designed to make civil registration accessible and effective for everyone. It supports the complete process of registering vital events, such as births and deaths, while ensuring offline functionality for remote areas, robust data security, and adherence to global CRVS standards. Tailored for low- and middle-income countries, OpenCRVS is user-centric, inclusive, and enables governments to provide legal identity for all, improve access to essential services, and generate vital statistics for policy-making.","16,17",,,,,,,,,,,,,,,,X,X,https://app.digitalpublicgoods.net/storage/images/opencrvs.png
GID0090750,DPG,OpenELIS Global,Open Software,United States of America,The University of Washington (steward),MPL-2.0,https://github.com/I-TECH-UW/OpenELIS-Global-2,"OpenELIS Global is open enterprise-level laboratory information system software tailored for public health laboratories. OpenELIS is used at a national scale in a variety of settings, from small general hospital labs, all the way up to national reference labs, and all sizes in between.",03,,,X,,,,,,,,,,,,,,,https://app.digitalpublicgoods.net/storage/images/openelis-global.png
GID0090257,DPG,OpenEyes,Open Software,United Kingdom,Apperta Foundation CIC,AGPL-3.0,https://github.com/AppertaFoundation/openeyes,"OpenEyes is the leading open source electronic patient record (EPR) for ophthalmology. It has been designed by clinicians to be fast in delivering content, fast to navigate and easy (and fun) to use.",03,,,X,,,,,,,,,,,,,,,https://app.digitalpublicgoods.net/storage/images/openeyes.png
GID0090277,DPG,OpenFisca,Open Software,France,OpenFisca Foundation,AGPL-3.0,https://github.com/openfisca,"OpenFisca is a Rules as Code engine: it enables collaboratively making laws and regulations computable over APIs for developers, datascientists and researchers. This allows building software to help citizens and businesses understand how laws apply to them, designing better rules and public policies, debating potential reforms, and scaling economic micro-simulation.","01,08,09,10,11,13,16,17",X,,,,,,,X,X,X,X,,X,,,X,X,https://app.digitalpublicgoods.net/storage/images/openfisca.png
GID0090079,DPG,OpenFn,Open Software,South Africa,Open Function Group,"LGPL-3.0,GPL-3.0",https://github.com/OpenFn/lightning,"OpenFn is a workflow automation platform that's used to automate & integrate critical business processes and systems. From last-mile services to national-level reporting, it boosts efficiency & effectiveness while enabling secure, stable, scalable interoperability at all levels.","01,04,15",X,,,X,,,,,,,,,,,X,,,https://app.digitalpublicgoods.net/storage/images/openfn.jpg
GID0090263,DPG,OpenG2P,Open Software,India,International Institute of Information Technology Bangalore,MPL-2.0,https://github.com/openg2p,"OpenG2P is an open-source platform that enables governments and humanitarian organizations to deliver critical social benefits directly to those who need them. It facilitates the building of secure, inclusive registries and digital cash transfer systems for social protection.","01,02,03,04,05,08,10,16,17",X,X,X,X,X,,,X,,X,,,,,,X,X,https://app.digitalpublicgoods.net/storage/images/openg2p.png
GID0090194,DPG,OpenHexa,Open Software,Belgium,Bluesquare SA,MIT,https://github.com/BLSQ/openhexa,An open-source data integration platform for public health projects.,03,,,X,,,,,,,,,,,,,,,https://app.digitalpublicgoods.net/storage/images/openhexa.png
GID0090081,DPG,openIMIS,Open Software,Germany,Deutsche Gesellschaft für Internationale Zusammenarbeit (GIZ)/Swiss Agency for Development and Cooperation (SDC) as licence owner,AGPL-3.0,https://github.com/openimis,"openIMIS is a versatile open source software which supports the administration of health financing and social protection schemes. It is specially designed to manage the complex, high-volume data flows which are required to operate such schemes by seamlessly integrating beneficiary, provider and payer data in a single platform.","01,03,08,09,17",X,,X,,,,,X,X,,,,,,,,X,https://app.digitalpublicgoods.net/storage/images/openimis.svg
GID0090896,DPG,OpenMandriva Lx,Open Software,France,OpenMandriva Association,Apache-2.0,https://github.com/OpenMandrivaSoftware,"A user-friendly, free, fully open and spyware free, operating system focusing on desktop/laptop computers.","04,09,10,12",,,,X,,,,,X,X,,X,,,,,,https://app.digitalpublicgoods.net/storage/images/openmandriva-lx.png
GID0090084,DPG,OpenMRS,Open Software,United States of America,"OpenMRS, Inc.",MPL-2.0,https://github.com/openmrs/openmrs-core,"OpenMRS is a collaborative open-source project to develop software to support the delivery of health care in developing countries. OpenMRS is founded on the principles of openness and sharing of ideas, software and strategies for deployment and use.",03,,,X,,,,,,,,,,,,,,,https://app.digitalpublicgoods.net/storage/images/openmrs.png
GID0090193,DPG,OpenRIMS,Open Software,United States of America,Management Sciences for Health,GPL-3.0,https://github.com/MSH/OpenRIMS,OpenRIMS is a web-based tool that helps NMRAs streamline and track medicines registration to ensure that they have the most updated medicines available and approved for prescribing and use.,03,,,X,,,,,,,,,,,,,,,https://app.digitalpublicgoods.net/storage/images/openrims.png
GID0090618,DPG,OpenRIMS-PV,Open Software,,Management Sciences for Health (MSH),GPL-3.0,https://github.com/MSH/OpenPV,"OpenRIMS-PV is a web-based application used by clinicians, regulatory bodies, and implementing partners to actively monitor the safety of medicines. It is part of the OpenRIMS suite (openrims.org).",03,,,X,,,,,,,,,,,,,,,https://app.digitalpublicgoods.net/storage/images/openrims-pv.png
GID0090195,DPG,OpenSPP,Open Software,Singapore,OpenSPP,LGPL-3.0,https://github.com/OpenSPP/openspp-modules,OpenSPP is an integrated and digital social protection information system that enables governments and humanitarian agencies to streamline the creation and management of assistance programs.,"01,02,03,04,05,10,17",X,X,X,X,X,,,,,X,,,,,,,X,https://app.digitalpublicgoods.net/storage/images/openspp.png
GID0090085,DPG,OpenSRP,Open Software,United States of America,Ona,Apache-2.0,https://github.com/opensrp/fhircore,Open source mobile health platform that allows frontline health workers to electronically register and track the health of their entire client population.,03,,,X,,,,,,,,,,,,,,,https://app.digitalpublicgoods.net/storage/images/opensrp.png
GID0090526,DPG,OpenStreetMap,Open Data,United Kingdom,OpenStreetMap Foundation LLC,ODbL-1.0,https://wiki.osmfoundation.org/wiki/How_To_Get_OpenStreetMap_Data,"OpenStreetMap is an initiative to create and provide free geographic data, such as street maps, to anyone. The OpenStreetMap Foundation (OSMF) is dedicated to encouraging the growth, development, and distribution of free geospatial data and to providing geospatial data for anyone to use and share.","03,06,09,10,11,13,15",,,X,,,X,,,X,X,X,,X,,X,,,https://app.digitalpublicgoods.net/storage/images/openstreetmap.svg
GID0090196,DPG,OpenTeleRehab,Open Software,,Humanity & Inclusion,Apache-2.0,https://github.com/OpenTeleRehab/,"Open Source, Multidisciplinary, Telerehabilitation Software",03,,,X,,,,,,,,,,,,,,,https://app.digitalpublicgoods.net/storage/images/opentelerehab.png
GID0090586,DPG,Orthanc,Open Software,Belgium,"University Hospital of Liège, Osimis S.A., and UCLouvain university",AGPL-3.0,https://hg.orthanc-server.com/,"Orthanc is a free and open-source PACS server. It is designed to improve the DICOM workflows in hospitals, and to support research and education about medical imaging. The Orthanc ecosystem also features the Stone Web viewer as an effective teleradiology environment.","03,09",,,X,,,,,,X,,,,,,,,,https://app.digitalpublicgoods.net/storage/images/orthanc.png
GID0091018,DPG,PotLock,Open Software,United States of America,"PotLuck Foundation DAO, LLC (A Marshall Island DAO LLC)",MIT,https://github.com/potlock,"PotLock is the portal for public goods, non-profits, and communities to raise funds transparently through a global donor network built on blockchain.","01,08",X,,,,,,,X,,,,,,,,,,https://app.digitalpublicgoods.net/storage/images/potlock.svg
GID0090191,DPG,PrepTime Analytics,Open Software,Ghana,Scribble Works,GPL-3.0,https://github.com/Scribble-Works/preptime-analytics,PrepTime Analytics is a form builder tool that runs data analysis on test scores and measures learning outcomes.,04,,,,X,,,,,,,,,,,,,,https://app.digitalpublicgoods.net/storage/images/preptime-analytics.png
GID0090008,DPG,PreSco: Neonatal Predictive Scoring Application and Platform,Open Software,India,Avyantra Health Technologies,GPL-3.0,https://github.com/kvklrao/Avyantra2023,Helping the diagnosis of infants affected by neonatal sepsis using machine learning,03,,,X,,,,,,,,,,,,,,,https://app.digitalpublicgoods.net/storage/images/avyantra-health-technologies.svg
GID0090086,DPG,Primero,Open Software,United States of America,UNICEF,AGPL-3.0,https://github.com/primeroIMS/primero,"A web app for confidential case management and incident monitoring in social welfare, child protection, and gender-based violence.","05,08,16",,,,,X,,,X,,,,,,,,X,,https://app.digitalpublicgoods.net/storage/images/primero.png
GID0090087,DPG,PRISM,Open Software,Italy,United Nations World Food Programme,MIT,https://github.com/WFP-VAM/prism-app,"PRISM is a climate risk monitoring system that integrates geospatial data on hazards such as droughts, floods, tropical storms, and earthquakes, along with information on socioeconomic vulnerability, to inform disaster risk reduction and social assistance programmes.","01,11,13",X,,,,,,,,,,X,,X,,,,,https://app.digitalpublicgoods.net/storage/images/
GID0090283,DPG,Product Catalog Management Tool,Open Software,United States of America,VillageReach,NPOSL-3.0,https://gitlab.com/pcmt/pcmt,"The Product Catalog Management Tool aims to connect product catalogs in order to show a clear journey from manufacturer to patient. It establishes master data that includes GS1 identifiers, global categories, and mappings to local identifiers. This enables end-to-end visibility, allows shipments to flow between systems, and helps supply chains perform.",03,,,X,,,,,,,,,,,,,,,https://app.digitalpublicgoods.net/storage/images/product-catalog-management-tool.png
GID0090088,DPG,Productive Forests,Open Software,Brazil,Bioverse Labs,MIT,https://github.com/Bioverse-Labs,Satellite Imagery Processing for Machine Learning Based Image Classification. Produtive Forests creates a forest inventory to support the sustainable use of non-timber related forest products,"08,12",,,,,,,,X,,,,X,,,,,,https://app.digitalpublicgoods.net/storage/images/productive-forests.png
GID0090089,DPG,Project AEDES,Open AI System,Philippines,Cirrolytix Research Services,CC-BY-SA-4.0,https://github.com/Cirrolytix/aedes_dpg,"Project AEDES, by CirroLytix is a tool that correlates dengue cases and deaths with real-time data from climate, google searches, and remote sensing, to predict potential dengue hotspot locations.",03,,,X,,,,,,,,,,,,,,,https://app.digitalpublicgoods.net/storage/images/project-aedes.png
GID0091075,DPG,QField,Open Software,Switzerland,OPENGIS.ch,GPL-2.0,https://github.com/opengisch/QField,Survey and digitize data in the field with seamless synchronization  QField focuses on efficiently getting GIS fieldwork done and exchanging data between the field and the office in a comfortable and user-friendly way.,"06,09,11,13,15,16",,,,,,X,,,X,,X,,X,,X,X,,https://app.digitalpublicgoods.net/storage/images/qfield.png
GID0091586,DPG,QGIS,Open Software,Switzerland,QGIS Association,GPL-2.0,https://github.com/qgis/QGIS,"QGIS is a full-featured, user-friendly, free-and-open-source (FOSS) geographical information system (GIS) that runs on Unix platforms, Windows, and MacOS.","11,13,15",,,,,,,,,,,X,,X,,X,,,https://app.digitalpublicgoods.net/storage/images/qgis.svg
GID0091291,DPG,Quantification Analytics Tool,Open Software,United States of America,"Chemonics International, Inc.",Apache-2.0,https://github.com/FASP-QAT,"QAT is a modular web-based country led forecasting and supply planning product designed to enable users to easily build and compare forecast, optimize commodity procurement and delivery schedules, monitory stock status of products and share data with stakeholders.",03,,,X,,,,,,,,,,,,,,,https://app.digitalpublicgoods.net/storage/images/quantification-analytics-tool.png
GID0091320,DPG,QuarkID,Open Software,Argentina,Buenos Aires City Government,Apache-2.0,https://github.com/ssi-quarkid,"QuarkID is the digital trust framework developed by the Government of the City of Buenos Aires that creates a new digital identity system and gives people control over their information, with a security anchor through blockchain.","08,09,11,16",,,,,,,,X,X,,X,,,,,X,,https://app.digitalpublicgoods.net/storage/images/quarkid.svg
GID0090594,DPG,Querido Diário,Open Software,Brazil,Open Knowledge Brasil (OKBR),MIT,https://github.com/okfn-brasil/querido-diario,"Querido Diário is an open-source toolkit that enables the analysis, manipulation, and centralization of official data extracted from journals published by cities. It also makes this data accessible to everyone in a single platform through a standardized visual interface and a public API.",16,,,,,,,,,,,,,,,,X,,https://app.digitalpublicgoods.net/storage/images/querido-diario.jpg
GID0090090,DPG,Rahat,Open Software,Nepal,Rumsan Associates Private Limited,AGPL-3.0,https://github.com/esatya/rahat,Rahat is a collection of open-source blockchain-based digital relief distribution management projects for humanitarian agencies to support marginalized communities.,"01,02,05,11",X,X,,,X,,,,,,X,,,,,,,https://app.digitalpublicgoods.net/storage/images/rahat.png
GID0090091,DPG,RapidPro,Open Software,United States of America,United Nations Children's Fund,AGPL-3.0,https://github.com/rapidpro/rapidpro,Open Source platform that allows anyone to build interactive messaging systems using an easy visual interface,"03,10,16",,,X,,,,,,,X,,,,,,X,,https://app.digitalpublicgoods.net/storage/images/rapidpro.svg
GID0091509,DPG,Register for Organic Agriculture,Open Software,Albania,ORGANIKA Association,MIT,https://github.com/shoqata-organika/register-for-organic-agriculture,"ROA is an innovative software tool designed to simplify the record-keeping process for farmers and agribusinesses, ensuring compliance with organic standards and EU Regulation 2018/848 for organic agriculture.","02,12,13,15",,X,,,,,,,,,,X,X,,X,,,https://app.digitalpublicgoods.net/storage/images/register-for-organic-agriculture.png
GID0090340,DPG,Rights Tracker,Open Content,,Human Rights Measurement Initiative Charitable Trust,CC-BY-NC-4.0,https://humanrightsmeasurement.org/download-the-dataset-2/,A freely available tool robustly tracking the human rights performance of countries.,"01,02,03,04,05,06,10,16",X,X,X,X,X,X,,,,X,,,,,,X,,https://app.digitalpublicgoods.net/storage/images/rights-tracker.svg
GID0091167,DPG,Rocky Linux,Open Software,United States of America,Rocky Enterprise Software Foundation,BSD-3-Clause,https://git.rockylinux.org,"Rocky Linux is a community-driven, enterprise-grade, free and open source operating system compatible with established Enterprise Linux standards.",09,,,,,,,,,X,,,,,,,,,https://app.digitalpublicgoods.net/storage/images/rocky-linux.png
GID0090452,DPG,Safe YOU,Open Software,Armenia,Impact Innovations Institute LLC,AGPL-3.0,https://github.com/safeyou-space/safeyou,Safe YOU is an innovative technological solution created to reduce gender-based violence through a mobile application and multifunctional web platform which work to streamline prevention programmes and ensure safety and access to resources for all women and girls.,05,,,,,X,,,,,,,,,,,,,https://app.digitalpublicgoods.net/storage/images/safe-you.png
GID0090095,DPG,SanteSuite,Open Software,Canada,SantéSuite Inc.,Apache-2.0,https://github.com/santedb/santedb-server,"SanteSuite (SanteIMS & SanteMPI) is an essential suite of products for national digital health infrastructure components that leverages a unique identity to facilitate data consolidation, harmonization, sharing, and building health information exchanges (e.g., OpenHIE) to establish interoperability across multiple software solutions.  SanteIMS - is an immunization management system and EIR platform that supports the management of any type and scale of vaccination program including pandemic response, such as COVID-19 vaccination.  SanteMPI - Master Patient Index/Client Registry (MPI/CR) platform designed to overcome barriers to leveraging person-centered data as a catalyst for transforming health systems.","03,05,09,10",,,X,,X,,,,X,X,,,,,,,,https://app.digitalpublicgoods.net/storage/images/santesuite.svg
GID0090099,DPG,Sentinel-2 10m Land Use/Land Cover Time Series,Open Data,United States of America,Impact Observatory,CC-BY-4.0,https://ic.imagery1.arcgis.com/arcgis/rest/services/Sentinel2_10m_LandCover/ImageServer,Sentinel-2 10m Land Cover Time Series provides public access to global land use and land cover data of the world from 2017-2022 with 10 meter resolution.,"11,13,15",,,,,,,,,,,X,,X,,X,,,https://app.digitalpublicgoods.net/storage/images/sentinel-2-10m-land-useland-cover-time-series.png
GID0090100,DPG,Simple,Open Software,United States of America,Resolve to Save Lives,MIT,https://github.com/simpledotorg/simple-server,Free software to manage large-scale hypertension and diabetes control programs.,03,,,X,,,,,,,,,,,,,,,https://app.digitalpublicgoods.net/storage/images/simple.svg
GID0090101,DPG,Somleng,Open Software,Cambodia,Chatterbox Solutions,MIT,https://github.com/somleng,Low-cost interactive voice response system for communities with low literacy levels,"03,08",,,X,,,,,X,,,,,,,,,,https://app.digitalpublicgoods.net/storage/images/somleng.png
GID0090675,DPG,SPICE,Open Software,United States of America,Medtronic LABS,BSD-3-Clause,https://github.com/Medtronic-LABS,"SPICE is a community-based platform for data-driven population health. SPICE leverages clinical algorithms to screen, refer, and manage patients based on clinical risk, transforming care delivery from reactive to proactive while linking community-based work bi-directionally with health facilities and health systems","03,10,17",,,X,,,,,,,X,,,,,,,X,https://app.digitalpublicgoods.net/storage/images/spice.svg
GID0090142,DPG,StoryWeaver,Open Content,India,Pratham Books,CC-BY-4.0,https://storyweaver.org.in/stories,"StoryWeaver is a digital platform that addresses the global book gap by providing open & free access to quality children's storybooks in multiple languages. Available in multiple formats, the books overcome the issue of digital access and can be read online & offline.",04,,,,X,,,,,,,,,,,,,,https://app.digitalpublicgoods.net/storage/images/storyweaver.png
GID0090109,DPG,Sunbird,Open Software,India,EkStep Foundation,MIT,https://github.com/Sunbird-Ed,"Sunbird is an open-source, configurable, extendable, modular, digital infrastructure for learning and human development that is designed for massive scale implementations.","04,08",,,,X,,,,X,,,,,,,,,,https://app.digitalpublicgoods.net/storage/images/sunbird.png
GID0090107,DPG,Sunbird RC,Open Software,India,EkStep Foundation,MIT,https://github.com/Sunbird-RC/sunbird-rc-core,“Sunbird Registry and Credential Eor simply “Sunbird RC Eis an open source software to rapidly build and deploy next generation electronic registries and verifiable credentials including attestation and verification flows.,"02,03,04,08,10,11,16",,X,X,X,,,,X,,X,X,,,,,X,,https://app.digitalpublicgoods.net/storage/images/sunbird-rc.png
GID0091042,DPG,Sunbird Saral,Open Software,India,EkStep Foundation,MIT,https://github.com/Sunbird-Saral/Project-Saral,Sunbird Saral has been conceptualized to enable users to create structured digital information from a physical form. Saral works as a solution that can phygitize data on physical printed sheets and upload the data onto a back end in a structured format via a scan.,04,,,,X,,,,,,,,,,,,,,https://app.digitalpublicgoods.net/storage/images/sunbird-saral.png
GID0090589,DPG,Sunbird SERVE,Open Software,India,eVean Foundation,MIT,https://github.com/Sunbird-Serve/serve-beta,"Sunbird SERVE building block can enable efficient volunteer interactions that add significant value to society and overall human development. It enables relevant actors to crowdsource volunteers for their needs and participate in interactions like nominate, approve, promote, acknowledge, recognition, toward the realisation of the value","04,10",,,,X,,,,,,X,,,,,,,,https://app.digitalpublicgoods.net/storage/images/sunbird-serve.jpg
GID0090110,DPG,Surveillance Outbreak Response Management and Analysis System,Open Software,Germany,SORMAS Foundation,GPL-3.0,https://github.com/SORMAS-Foundation/SORMAS-Project,"SORMAS is an open source mobile and web-based eHealth software for organizing and facilitating disease control, outbreak management procedures, disease surveillance, and epidemiological analysis for all administrative levels of the public health system. SORMAS aims to improve prevention, early detection and control of communicable diseases. SORMAS adheres to the highest data protection standards, good scientific practice, and open access policy.",03,,,X,,,,,,,,,,,,,,,https://app.digitalpublicgoods.net/storage/images/surveillance-outbreak-response-management-and-analysis-system.png
GID0090111,DPG,Synthea,Open Software,United States of America,The MITRE Corporation,Apache-2.0,https://github.com/synthetichealth/synthea,"Synthea is an open-source synthetic patient generator that models the medical history of synthetic patients and produces synthetic health data free from cost, privacy, and security restrictions.",03,,,X,,,,,,,,,,,,,,,https://app.digitalpublicgoods.net/storage/images/synthea.png
GID0091412,DPG,Tazama,Open Software,United Kingdom,The Linux Foundation,Apache-2.0,https://github.com/tazama-lf,"Open Source Real-Time Transaction Monitoring Software for Fraud and Money Laundering Detection. Tazama provides anti-fraud capabilities to Mojaloop, MIFOS, and other payment systems.","08,16",,,,,,,,X,,,,,,,,X,,https://app.digitalpublicgoods.net/storage/images/tazama.svg
GID0090848,DPG,The Turing Way,Open Content,United Kingdom,"The project is hosted and funded by The Alan Turing Institute, and owned by the community and led by project leads, Dr. Kirstie Whitaker and Dr. Malvika Sharan",CC-BY-4.0,https://github.com/the-turing-way/the-turing-way,"The Turing Way is an open source, open collaboration and community-driven guide on data science. We involve an internal open science community in creating and sharing best practices for open, reproducible, ethical and collaborative data science.",04,,,,X,,,,,,,,,,,,,,https://app.digitalpublicgoods.net/storage/images/the-turing-way.svg
GID0090118,DPG,The Ushahidi Platform,Open Software,Kenya,Ushahidi Inc.,AGPL-3.0,https://github.com/ushahidi/platform/,"The Ushahidi Platform is an integrated data crowdsourcing and mapping tool that allows people to rapidly collect, manage and analyze crowdsourced information from their communities. Empowering communities to thrive as a result of accessible data and technology.","05,06,13,16",,,,,X,X,,,,,,,X,,,X,,https://app.digitalpublicgoods.net/storage/images/ushahidi.png
GID0090762,DPG,Tilli,Open Software,United States of America,Tilli Kids,AGPL-3.0,https://github.com/tillioss,"Tilli is an AI-powered, play-based Social Emotional Learning tool that builds and measures 8 foundational social emotional learning skills to help kids stay safe, healthy and happy.",04,,,,X,,,,,,,,,,,,,,https://app.digitalpublicgoods.net/storage/images/tilli.png
GID0091856,DPG,Tor Browser,Open Software,United States of America,Tor Project,BSD-3-Clause,https://gitlab.torproject.org/tpo/core/tor,Tor advances human rights and protects users' privacy on the internet by hiding the connection between their internet address and the services they use.,"09,16",,,,,,,,,X,,,,,,,X,,https://app.digitalpublicgoods.net/storage/images/tor-browser.png
GID0090185,DPG,Torkel Opsahl Academic EPublisher,Open Content,Belgium,Centre for International Law Research and Policy (CILRAP),CC-BY-NC-SA-4.0,https://toaep.org/about/,TOAEP is the first open access academic international law publisher.,"04,16",,,,X,,,,,,,,,,,,X,,https://app.digitalpublicgoods.net/storage/images/torkel-opsahl-academic-epublisher.png
GID0090116,DPG,TruBudget,Open Software,Germany,KfW (Kreditanstalt für Wiederaufbau),GPL-3.0,https://github.com/openkfw/TruBudget,A blockchain-based workflow tool for an efficient and transparent project management,"01,17",X,,,,,,,,,,,,,,,,X,https://app.digitalpublicgoods.net/storage/images/trubudget.png
GID0090259,DPG,TrueNAS,Open Software,United States of America,iXsystems,BSD-3-Clause,https://github.com/truenas,"TrueNAS is the world's most deployed storage software with millions of users, including the majority of F500 companies, delivering scalable and fully-capable unified storage for valuable data.","08,09,12",,,,,,,,X,X,,,X,,,,,,https://app.digitalpublicgoods.net/storage/images/truenas.svg
GID0091470,DPG,Uli,Open Software,India,Tattle Civic Technologies Pvt Ltd,"CC-BY-4.0,GPL-3.0",https://github.com/tattle-made/Uli,Uli is a browser plugin that provides tools for relief collective response to online gendered abuse. It is backed by open datasets of slurs and an ML model for redaction of gendered abuse in Indian languages.,"05,16",,,,,X,,,,,,,,,,,X,,https://app.digitalpublicgoods.net/storage/images/uli.png
GID0090318,DPG,UNIDO Industrial Analytics Platform,Open Content,Austria,United Nations Industrial Development Organization (UNIDO),CC-BY-SA-4.0,https://iap.unido.org,"UNIDO's IAP is a data-driven knowledge platform that advances evidence-based policy dialogue, fosters thought leadership and connects global communities to share knowledge and practice in the field of industrial development.","04,09,17",,,,X,,,,,X,,,,,,,,X,https://app.digitalpublicgoods.net/storage/images/unido-industrial-analytics-platform.svg
GID0090119,DPG,Uwazi,Open Software,Switzerland,HURIDOCS (Human Rights Information and Documentation Systems),MIT,https://github.com/huridocs/uwazi,"Uwazi is an open-source web-based database application designed for human rights defenders to manage collections of information, including documents, evidence, cases and complaints.",16,,,,,,,,,,,,,,,,X,,https://app.digitalpublicgoods.net/storage/images/uwazi.svg
GID0090120,DPG,VaccineLedger,Open Software,India,StaTwig,,https://gitlab.com/statwig-public/theledger,"VaccineLedger is a decentralized supply chain management platform that leverages blockchain technology, Internet of Things (IoT), Artificial Technology to capture data for every vaccine and other medical products in the supply chains from manufacturer to the beneficiary.","03,09,12",,,X,,,,,,X,,,X,,,,,,https://app.digitalpublicgoods.net/storage/images/vaccineledger.svg
GID0090121,DPG,VIPS,Open Software,Norway,NIBIO,AGPL-3.0,https://gitlab.nibio.no/VIPS,"Open platform for automatic pest prediction in agriculture created by NIBIO, Norway","02,13,15",,X,,,,,,,,,,,X,,X,,,https://app.digitalpublicgoods.net/storage/images/vips.jpg
GID0090223,DPG,Vxnaid,Open Software,United States of America,Johnson & Johnson Global Public Health,Apache-2.0,https://github.com/johnsonandjohnson/vxnaid,"Vxnaid is a digital platform that supports correct vaccine administration & efficient vaccination campaigns. Enable broad adoption of Vxnaid especially in RLS countries to ensure correct administration of vaccines, identification of vaccinees, follow-up/recall of vaccinated persons and understanding of vaccination campaign effectiveness.",03,,,X,,,,,,,,,,,,,,,https://app.digitalpublicgoods.net/storage/images/vxnaid.png
GID0090124,DPG,WaPOR,Open Content,Italy,FAO,CC-BY-NC-SA-4.0,https://data.apps.fao.org/wapor/,The FAO portal to monitor water productivity through open access of remotely sensed derived data.,"02,06,12,13,17",,X,,,,X,,,,,,X,X,,,,X,https://app.digitalpublicgoods.net/storage/images/wapor.png
GID0090154,DPG,Website Factory,Open Software,Romania,Commit Global,MPL-2.0,https://github.com/commitglobal/website-factory,"Website Factory is a custom website builder designed specifically for non-profit organisations, fully responsive, accessible and user-friendly, integrated with payment processors and other tools dedicated to CSOs.","09,11",,,,,,,,,X,,X,,,,,,,https://app.digitalpublicgoods.net/storage/images/website-factory.png
GID0091848,DPG,Wikipedia,Open Content,United States of America,"Wikimedia Foundation, Inc.",CC-BY-SA-4.0,https://www.wikipedia.org/,"Wikipedia is a free online encyclopedia, created and edited by volunteers around the world and hosted by the Wikimedia Foundation.","04,05,10,16,17",,,,X,X,,,,,X,,,,,,X,X,https://app.digitalpublicgoods.net/storage/images/wikipedia.png
GID0090125,DPG,X-Road®,Open Software,Estonia,Nordic Institute for Interoperability Solutions (NIIS),MIT,https://github.com/nordic-institute/X-Road,X-Road is open-source software and ecosystem solution that provides unified and secure data exchange between organisations.,"01,03,07,08,09,11,13,16",X,,X,,,,X,X,X,,X,,X,,,X,,https://app.digitalpublicgoods.net/storage/images/x-road.png
GID0090126,DPG,Xcapit,Open Software,,Xcapit,AGPL-3.0,https://gitlab.com/xcapit-foss/app,"Xcapit is promoting financial inclusion by developing blockchain-based solutions that extend even to areas lacking digital infrastructure. This includes open-source, web 3 non-custodial crypto wallets and more.","01,05,08,09,10,17",X,,,,X,,,X,X,X,,,,,,,X,https://app.digitalpublicgoods.net/storage/images/xcapit.png
GID0090128,DPG,Zamba,Open Software,United States of America,DrivenData,MIT,https://github.com/drivendataorg/zamba,AI tools for wildlife monitoring with camera trap videos. Zamba is a command-line tool built in Python to automatically identify the species seen in camera trap videos from sites in central Africa. The tool makes predictions for 24 common species in these videos.,15,,,,,,,,,,,,,,,X,,,https://app.digitalpublicgoods.net/storage/images/zamba.svg
